phase,dataset,n,mode,k,topk,minlen,maxlen,rep,runtime_ms,patterns,pair_attempts,compatible_pairs,pdub_prunes,dub_prunes,aligned_checks,peak_heap_mb
ablation,DB1_Amazon.txt,5842,tk-no-pdub,0.00017117425539198904,50,2,12,0,7.073800,50,84,232,0,201,106217,25.143
ablation,DB1_Amazon.txt,5842,tk-no-pdub,0.00017117425539198904,50,2,12,1,5.758100,50,84,232,0,201,106217,27.143
ablation,DB1_Amazon.txt,5842,tk-no-pdub,0.00017117425539198904,50,2,12,2,5.631100,50,84,232,0,201,106217,27.143
ablation,DB1_Amazon.txt,5842,tk-no-pdub,0.00017117425539198904,50,2,12,3,5.608800,50,84,232,0,201,106217,29.143
ablation,DB1_Amazon.txt,5842,tk-no-pdub,0.00017117425539198904,50,2,12,4,4.505500,50,84,232,0,201,106217,31.143
ablation,DB1_Amazon.txt,5842,tk-no-pdub,0.00017117425539198904,50,2,12,5,4.724400,50,84,232,0,201,106217,33.143
ablation,DB1_Amazon.txt,5842,tk-no-pdub,0.00017117425539198904,50,2,12,6,3.753700,50,84,232,0,201,106217,35.143
ablation,DB1_Amazon.txt,5842,tk-no-pdub,0.00017117425539198904,50,2,12,7,5.155100,50,84,232,0,201,106217,35.143
ablation,DB1_Amazon.txt,5842,tk-no-pdub,0.00017117425539198904,50,2,12,8,4.409500,50,84,232,0,201,106217,37.143
ablation,DB1_Amazon.txt,5842,tk-no-pdub,0.00017117425539198904,50,2,12,9,4.385400,50,84,232,0,201,106217,39.143
ablation,DB1_Amazon.txt,5842,tk-naive,0.00017117425539198904,50,2,12,0,7.759700,50,84,232,79,105,95480,47.143
ablation,DB1_Amazon.txt,5842,tk-naive,0.00017117425539198904,50,2,12,1,9.023700,50,84,232,79,105,95480,49.143
ablation,DB1_Amazon.txt,5842,tk-naive,0.00017117425539198904,50,2,12,2,7.460000,50,84,232,79,105,95480,51.143
ablation,DB1_Amazon.txt,5842,tk-naive,0.00017117425539198904,50,2,12,3,7.850500,50,84,232,79,105,95480,53.143
ablation,DB1_Amazon.txt,5842,tk-naive,0.00017117425539198904,50,2,12,4,7.638100,50,84,232,79,105,95480,53.143
ablation,DB1_Amazon.txt,5842,tk-naive,0.00017117425539198904,50,2,12,5,6.993100,50,84,232,79,105,95480,55.143
ablation,DB1_Amazon.txt,5842,tk-naive,0.00017117425539198904,50,2,12,6,10.008400,50,84,232,79,105,95480,57.143
ablation,DB1_Amazon.txt,5842,tk-naive,0.00017117425539198904,50,2,12,7,11.362500,50,84,232,79,105,95480,59.143
ablation,DB1_Amazon.txt,5842,tk-naive,0.00017117425539198904,50,2,12,8,5.360400,50,84,232,79,105,95480,59.143
ablation,DB1_Amazon.txt,5842,tk-naive,0.00017117425539198904,50,2,12,9,5.504700,50,84,232,79,105,95480,61.143
ablation,DB1_Amazon.txt,5842,tk,0.00017117425539198904,50,2,12,0,6.374900,50,84,232,79,105,95480,69.143
ablation,DB1_Amazon.txt,5842,tk,0.00017117425539198904,50,2,12,1,8.098500,50,84,232,79,105,95480,71.143
ablation,DB1_Amazon.txt,5842,tk,0.00017117425539198904,50,2,12,2,4.426500,50,84,232,79,105,95480,73.143
ablation,DB1_Amazon.txt,5842,tk,0.00017117425539198904,50,2,12,3,4.741400,50,84,232,79,105,95480,75.143
ablation,DB1_Amazon.txt,5842,tk,0.00017117425539198904,50,2,12,4,4.015200,50,84,232,79,105,95480,75.143
ablation,DB1_Amazon.txt,5842,tk,0.00017117425539198904,50,2,12,5,4.517900,50,84,232,79,105,95480,77.143
ablation,DB1_Amazon.txt,5842,tk,0.00017117425539198904,50,2,12,6,6.339900,50,84,232,79,105,95480,79.143
ablation,DB1_Amazon.txt,5842,tk,0.00017117425539198904,50,2,12,7,7.137000,50,84,232,79,105,95480,79.143
ablation,DB1_Amazon.txt,5842,tk,0.00017117425539198904,50,2,12,8,8.230900,50,84,232,79,105,95480,81.143
ablation,DB1_Amazon.txt,5842,tk,0.00017117425539198904,50,2,12,9,7.927300,50,84,232,79,105,95480,83.143
ablation,DB2_Russell2000.txt,8141,tk-no-pdub,0.00012283503255128362,50,2,12,0,7.558200,50,84,224,0,192,153785,101.143
ablation,DB2_Russell2000.txt,8141,tk-no-pdub,0.00012283503255128362,50,2,12,1,5.307100,50,84,224,0,192,153785,6.074
ablation,DB2_Russell2000.txt,8141,tk-no-pdub,0.00012283503255128362,50,2,12,2,5.768500,50,84,224,0,192,153785,8.201
ablation,DB2_Russell2000.txt,8141,tk-no-pdub,0.00012283503255128362,50,2,12,3,6.067000,50,84,224,0,192,153785,10.074
ablation,DB2_Russell2000.txt,8141,tk-no-pdub,0.00012283503255128362,50,2,12,4,3.926700,50,84,224,0,192,153785,12.201
ablation,DB2_Russell2000.txt,8141,tk-no-pdub,0.00012283503255128362,50,2,12,5,3.251500,50,84,224,0,192,153785,14.340
ablation,DB2_Russell2000.txt,8141,tk-no-pdub,0.00012283503255128362,50,2,12,6,3.304400,50,84,224,0,192,153785,18.063
ablation,DB2_Russell2000.txt,8141,tk-no-pdub,0.00012283503255128362,50,2,12,7,3.195900,50,84,224,0,192,153785,20.201
ablation,DB2_Russell2000.txt,8141,tk-no-pdub,0.00012283503255128362,50,2,12,8,3.545600,50,84,224,0,192,153785,22.063
ablation,DB2_Russell2000.txt,8141,tk-no-pdub,0.00012283503255128362,50,2,12,9,3.599100,50,84,224,0,192,153785,24.203
ablation,DB2_Russell2000.txt,8141,tk-naive,0.00012283503255128362,50,2,12,0,5.948100,50,84,224,70,106,138862,36.201
ablation,DB2_Russell2000.txt,8141,tk-naive,0.00012283503255128362,50,2,12,1,4.422100,50,84,224,70,106,138862,38.065
ablation,DB2_Russell2000.txt,8141,tk-naive,0.00012283503255128362,50,2,12,2,3.872000,50,84,224,70,106,138862,40.203
ablation,DB2_Russell2000.txt,8141,tk-naive,0.00012283503255128362,50,2,12,3,6.181900,50,84,224,70,106,138862,42.066
ablation,DB2_Russell2000.txt,8141,tk-naive,0.00012283503255128362,50,2,12,4,3.928300,50,84,224,70,106,138862,44.203
ablation,DB2_Russell2000.txt,8141,tk-naive,0.00012283503255128362,50,2,12,5,3.471600,50,84,224,70,106,138862,46.065
ablation,DB2_Russell2000.txt,8141,tk-naive,0.00012283503255128362,50,2,12,6,3.503300,50,84,224,70,106,138862,48.204
ablation,DB2_Russell2000.txt,8141,tk-naive,0.00012283503255128362,50,2,12,7,3.599100,50,84,224,70,106,138862,50.073
ablation,DB2_Russell2000.txt,8141,tk-naive,0.00012283503255128362,50,2,12,8,3.803000,50,84,224,70,106,138862,52.208
ablation,DB2_Russell2000.txt,8141,tk-naive,0.00012283503255128362,50,2,12,9,3.363800,50,84,224,70,106,138862,54.070
ablation,DB2_Russell2000.txt,8141,tk,0.00012283503255128362,50,2,12,0,2.735000,50,84,224,70,106,138862,66.065
ablation,DB2_Russell2000.txt,8141,tk,0.00012283503255128362,50,2,12,1,2.907900,50,84,224,70,106,138862,68.208
ablation,DB2_Russell2000.txt,8141,tk,0.00012283503255128362,50,2,12,2,2.517600,50,84,224,70,106,138862,70.070
ablation,DB2_Russell2000.txt,8141,tk,0.00012283503255128362,50,2,12,3,2.572900,50,84,224,70,106,138862,72.203
ablation,DB2_Russell2000.txt,8141,tk,0.00012283503255128362,50,2,12,4,2.587100,50,84,224,70,106,138862,74.069
ablation,DB2_Russell2000.txt,8141,tk,0.00012283503255128362,50,2,12,5,2.495600,50,84,224,70,106,138862,76.208
ablation,DB2_Russell2000.txt,8141,tk,0.00012283503255128362,50,2,12,6,2.454400,50,84,224,70,106,138862,78.071
ablation,DB2_Russell2000.txt,8141,tk,0.00012283503255128362,50,2,12,7,2.494500,50,84,224,70,106,138862,80.208
ablation,DB2_Russell2000.txt,8141,tk,0.00012283503255128362,50,2,12,8,2.417100,50,84,224,70,106,138862,82.072
ablation,DB2_Russell2000.txt,8141,tk,0.00012283503255128362,50,2,12,9,2.812500,50,84,224,70,106,138862,84.215
ablation,DB3_Nasdaq.txt,12279,tk-no-pdub,8.1439856665852270e-05,50,2,12,0,5.080100,50,82,221,0,191,234654,114.157
ablation,DB3_Nasdaq.txt,12279,tk-no-pdub,8.1439856665852270e-05,50,2,12,1,4.445400,50,82,221,0,191,234654,118.063
ablation,DB3_Nasdaq.txt,12279,tk-no-pdub,8.1439856665852270e-05,50,2,12,2,4.362900,50,82,221,0,191,234654,120.203
ablation,DB3_Nasdaq.txt,12279,tk-no-pdub,8.1439856665852270e-05,50,2,12,3,4.478900,50,82,221,0,191,234654,124.202
ablation,DB3_Nasdaq.txt,12279,tk-no-pdub,8.1439856665852270e-05,50,2,12,4,4.813800,50,82,221,0,191,234654,126.073
ablation,DB3_Nasdaq.txt,12279,tk-no-pdub,8.1439856665852270e-05,50,2,12,5,4.300000,50,82,221,0,191,234654,130.099
ablation,DB3_Nasdaq.txt,12279,tk-no-pdub,8.1439856665852270e-05,50,2,12,6,4.220400,50,82,221,0,191,234654,132.201
ablation,DB3_Nasdaq.txt,12279,tk-no-pdub,8.1439856665852270e-05,50,2,12,7,4.400700,50,82,221,0,191,234654,136.202
ablation,DB3_Nasdaq.txt,12279,tk-no-pdub,8.1439856665852270e-05,50,2,12,8,4.743000,50,82,221,0,191,234654,140.201
ablation,DB3_Nasdaq.txt,12279,tk-no-pdub,8.1439856665852270e-05,50,2,12,9,4.402900,50,82,221,0,191,234654,142.066
ablation,DB3_Nasdaq.txt,12279,tk-naive,8.1439856665852270e-05,50,2,12,0,5.022200,50,82,221,74,99,206420,160.201
ablation,DB3_Nasdaq.txt,12279,tk-naive,8.1439856665852270e-05,50,2,12,1,4.062100,50,82,221,74,99,206420,162.340
ablation,DB3_Nasdaq.txt,12279,tk-naive,8.1439856665852270e-05,50,2,12,2,4.061000,50,82,221,74,99,206420,166.159
ablation,DB3_Nasdaq.txt,12279,tk-naive,8.1439856665852270e-05,50,2,12,3,4.079800,50,82,221,74,99,206420,170.063
ablation,DB3_Nasdaq.txt,12279,tk-naive,8.1439856665852270e-05,50,2,12,4,4.383200,50,82,221,74,99,206420,172.201
ablation,DB3_Nasdaq.txt,12279,tk-naive,8.1439856665852270e-05,50,2,12,5,4.157100,50,82,221,74,99,206420,174.340
ablation,DB3_Nasdaq.txt,12279,tk-naive,8.1439856665852270e-05,50,2,12,6,4.277400,50,82,221,74,99,206420,178.064
ablation,DB3_Nasdaq.txt,12279,tk-naive,8.1439856665852270e-05,50,2,12,7,4.252900,50,82,221,74,99,206420,180.201
ablation,DB3_Nasdaq.txt,12279,tk-naive,8.1439856665852270e-05,50,2,12,8,4.181200,50,82,221,74,99,206420,184.201
ablation,DB3_Nasdaq.txt,12279,tk-naive,8.1439856665852270e-05,50,2,12,9,4.272300,50,82,221,74,99,206420,186.068
ablation,DB3_Nasdaq.txt,12279,tk,8.1439856665852270e-05,50,2,12,0,4.131400,50,82,221,74,99,206420,204.203
ablation,DB3_Nasdaq.txt,12279,tk,8.1439856665852270e-05,50,2,12,1,3.897200,50,82,221,74,99,206420,208.202
ablation,DB3_Nasdaq.txt,12279,tk,8.1439856665852270e-05,50,2,12,2,3.798500,50,82,221,74,99,206420,210.067
ablation,DB3_Nasdaq.txt,12279,tk,8.1439856665852270e-05,50,2,12,3,3.798300,50,82,221,74,99,206420,212.201
ablation,DB3_Nasdaq.txt,12279,tk,8.1439856665852270e-05,50,2,12,4,3.923100,50,82,221,74,99,206420,216.201
ablation,DB3_Nasdaq.txt,12279,tk,8.1439856665852270e-05,50,2,12,5,4.007600,50,82,221,74,99,206420,218.070
ablation,DB3_Nasdaq.txt,12279,tk,8.1439856665852270e-05,50,2,12,6,4.283100,50,82,221,74,99,206420,222.063
ablation,DB3_Nasdaq.txt,12279,tk,8.1439856665852270e-05,50,2,12,7,3.847700,50,82,221,74,99,206420,224.206
ablation,DB3_Nasdaq.txt,12279,tk,8.1439856665852270e-05,50,2,12,8,4.117000,50,82,221,74,99,206420,228.202
ablation,DB3_Nasdaq.txt,12279,tk,8.1439856665852270e-05,50,2,12,9,5.906900,50,82,221,74,99,206420,230.064
ablation,DB4_SP500.txt,23046,tk-no-pdub,4.3391477913737744e-05,50,2,12,0,7.528100,50,81,224,0,197,414148,282.070
ablation,DB4_SP500.txt,23046,tk-no-pdub,4.3391477913737744e-05,50,2,12,1,7.877000,50,81,224,0,197,414148,286.074
ablation,DB4_SP500.txt,23046,tk-no-pdub,4.3391477913737744e-05,50,2,12,2,7.498800,50,81,224,0,197,414148,292.201
ablation,DB4_SP500.txt,23046,tk-no-pdub,4.3391477913737744e-05,50,2,12,3,7.404500,50,81,224,0,197,414148,298.065
ablation,DB4_SP500.txt,23046,tk-no-pdub,4.3391477913737744e-05,50,2,12,4,7.944400,50,81,224,0,197,414148,302.084
ablation,DB4_SP500.txt,23046,tk-no-pdub,4.3391477913737744e-05,50,2,12,5,8.135400,50,81,224,0,197,414148,308.201
ablation,DB4_SP500.txt,23046,tk-no-pdub,4.3391477913737744e-05,50,2,12,6,7.838200,50,81,224,0,197,414148,312.201
ablation,DB4_SP500.txt,23046,tk-no-pdub,4.3391477913737744e-05,50,2,12,7,7.583400,50,81,224,0,197,414148,318.066
ablation,DB4_SP500.txt,23046,tk-no-pdub,4.3391477913737744e-05,50,2,12,8,8.008100,50,81,224,0,197,414148,324.201
ablation,DB4_SP500.txt,23046,tk-no-pdub,4.3391477913737744e-05,50,2,12,9,7.870100,50,81,224,0,197,414148,328.201
ablation,DB4_SP500.txt,23046,tk-naive,4.3391477913737744e-05,50,2,12,0,7.273000,50,81,224,71,108,374157,360.202
ablation,DB4_SP500.txt,23046,tk-naive,4.3391477913737744e-05,50,2,12,1,10.005100,50,81,224,71,108,374157,364.202
ablation,DB4_SP500.txt,23046,tk-naive,4.3391477913737744e-05,50,2,12,2,9.128100,50,81,224,71,108,374157,370.067
ablation,DB4_SP500.txt,23046,tk-naive,4.3391477913737744e-05,50,2,12,3,7.248400,50,81,224,71,108,374157,374.063
ablation,DB4_SP500.txt,23046,tk-naive,4.3391477913737744e-05,50,2,12,4,7.634900,50,81,224,71,108,374157,380.203
ablation,DB4_SP500.txt,23046,tk-naive,4.3391477913737744e-05,50,2,12,5,9.389800,50,81,224,71,108,374157,384.201
ablation,DB4_SP500.txt,23046,tk-naive,4.3391477913737744e-05,50,2,12,6,8.662100,50,81,224,71,108,374157,390.079
ablation,DB4_SP500.txt,23046,tk-naive,4.3391477913737744e-05,50,2,12,7,7.231900,50,81,224,71,108,374157,394.069
ablation,DB4_SP500.txt,23046,tk-naive,4.3391477913737744e-05,50,2,12,8,8.060500,50,81,224,71,108,374157,400.201
ablation,DB4_SP500.txt,23046,tk-naive,4.3391477913737744e-05,50,2,12,9,7.404700,50,81,224,71,108,374157,404.207
ablation,DB4_SP500.txt,23046,tk,4.3391477913737744e-05,50,2,12,0,6.992500,50,81,224,71,108,374157,434.279
ablation,DB4_SP500.txt,23046,tk,4.3391477913737744e-05,50,2,12,1,6.877500,50,81,224,71,108,374157,440.202
ablation,DB4_SP500.txt,23046,tk,4.3391477913737744e-05,50,2,12,2,7.139100,50,81,224,71,108,374157,446.066
ablation,DB4_SP500.txt,23046,tk,4.3391477913737744e-05,50,2,12,3,7.233500,50,81,224,71,108,374157,450.073
ablation,DB4_SP500.txt,23046,tk,4.3391477913737744e-05,50,2,12,4,8.331700,50,81,224,71,108,374157,454.340
ablation,DB4_SP500.txt,23046,tk,4.3391477913737744e-05,50,2,12,5,8.322400,50,81,224,71,108,374157,8.077
ablation,DB4_SP500.txt,23046,tk,4.3391477913737744e-05,50,2,12,6,6.359300,50,81,224,71,108,374157,14.077
ablation,DB4_SP500.txt,23046,tk,4.3391477913737744e-05,50,2,12,7,5.966900,50,81,224,71,108,374157,18.077
ablation,DB4_SP500.txt,23046,tk,4.3391477913737744e-05,50,2,12,8,6.101500,50,81,224,71,108,374157,24.077
ablation,DB4_SP500.txt,23046,tk,4.3391477913737744e-05,50,2,12,9,5.890700,50,81,224,71,108,374157,28.077
ablation,DB5_NYSE.txt,60000,tk-no-pdub,1.6666666666666667e-05,50,2,12,0,23.212500,50,81,238,0,216,1037500,154.077
ablation,DB5_NYSE.txt,60000,tk-no-pdub,1.6666666666666667e-05,50,2,12,1,15.070600,50,81,238,0,216,1037500,166.077
ablation,DB5_NYSE.txt,60000,tk-no-pdub,1.6666666666666667e-05,50,2,12,2,15.157000,50,81,238,0,216,1037500,180.077
ablation,DB5_NYSE.txt,60000,tk-no-pdub,1.6666666666666667e-05,50,2,12,3,15.790900,50,81,238,0,216,1037500,192.077
ablation,DB5_NYSE.txt,60000,tk-no-pdub,1.6666666666666667e-05,50,2,12,4,15.387100,50,81,238,0,216,1037500,206.077
ablation,DB5_NYSE.txt,60000,tk-no-pdub,1.6666666666666667e-05,50,2,12,5,15.998900,50,81,238,0,216,1037500,218.077
ablation,DB5_NYSE.txt,60000,tk-no-pdub,1.6666666666666667e-05,50,2,12,6,17.939400,50,81,238,0,216,1037500,232.077
ablation,DB5_NYSE.txt,60000,tk-no-pdub,1.6666666666666667e-05,50,2,12,7,18.836300,50,81,238,0,216,1037500,246.077
ablation,DB5_NYSE.txt,60000,tk-no-pdub,1.6666666666666667e-05,50,2,12,8,15.463800,50,81,238,0,216,1037500,258.077
ablation,DB5_NYSE.txt,60000,tk-no-pdub,1.6666666666666667e-05,50,2,12,9,14.714800,50,81,238,0,216,1037500,272.077
ablation,DB5_NYSE.txt,60000,tk-naive,1.6666666666666667e-05,50,2,12,0,14.199000,50,81,238,95,104,934774,346.077
ablation,DB5_NYSE.txt,60000,tk-naive,1.6666666666666667e-05,50,2,12,1,14.679100,50,81,238,95,104,934774,358.077
ablation,DB5_NYSE.txt,60000,tk-naive,1.6666666666666667e-05,50,2,12,2,15.058000,50,81,238,95,104,934774,372.077
ablation,DB5_NYSE.txt,60000,tk-naive,1.6666666666666667e-05,50,2,12,3,14.434100,50,81,238,95,104,934774,384.077
ablation,DB5_NYSE.txt,60000,tk-naive,1.6666666666666667e-05,50,2,12,4,14.336600,50,81,238,95,104,934774,396.077
ablation,DB5_NYSE.txt,60000,tk-naive,1.6666666666666667e-05,50,2,12,5,14.889900,50,81,238,95,104,934774,408.077
ablation,DB5_NYSE.txt,60000,tk-naive,1.6666666666666667e-05,50,2,12,6,15.517200,50,81,238,95,104,934774,422.077
ablation,DB5_NYSE.txt,60000,tk-naive,1.6666666666666667e-05,50,2,12,7,14.086100,50,81,238,95,104,934774,434.077
ablation,DB5_NYSE.txt,60000,tk-naive,1.6666666666666667e-05,50,2,12,8,15.260600,50,81,238,95,104,934774,446.077
ablation,DB5_NYSE.txt,60000,tk-naive,1.6666666666666667e-05,50,2,12,9,14.257500,50,81,238,95,104,934774,458.077
ablation,DB5_NYSE.txt,60000,tk,1.6666666666666667e-05,50,2,12,0,15.282000,50,81,238,95,104,934774,534.077
ablation,DB5_NYSE.txt,60000,tk,1.6666666666666667e-05,50,2,12,1,15.983800,50,81,238,95,104,934774,546.077
ablation,DB5_NYSE.txt,60000,tk,1.6666666666666667e-05,50,2,12,2,15.489600,50,81,238,95,104,934774,558.077
ablation,DB5_NYSE.txt,60000,tk,1.6666666666666667e-05,50,2,12,3,15.914500,50,81,238,95,104,934774,570.077
ablation,DB5_NYSE.txt,60000,tk,1.6666666666666667e-05,50,2,12,4,15.504700,50,81,238,95,104,934774,584.077
ablation,DB5_NYSE.txt,60000,tk,1.6666666666666667e-05,50,2,12,5,16.370200,50,81,238,95,104,934774,596.077
ablation,DB5_NYSE.txt,60000,tk,1.6666666666666667e-05,50,2,12,6,15.388100,50,81,238,95,104,934774,608.077
ablation,DB5_NYSE.txt,60000,tk,1.6666666666666667e-05,50,2,12,7,16.281000,50,81,238,95,104,934774,620.077
ablation,DB5_NYSE.txt,60000,tk,1.6666666666666667e-05,50,2,12,8,16.050200,50,81,238,95,104,934774,632.077
ablation,DB5_NYSE.txt,60000,tk,1.6666666666666667e-05,50,2,12,9,15.795800,50,81,238,95,104,934774,646.077
ablation,DB6_CL_US.txt,10305,tk-no-pdub,9.7040271712760790e-05,50,2,12,0,3.521200,50,78,216,0,187,146804,664.077
ablation,DB6_CL_US.txt,10305,tk-no-pdub,9.7040271712760790e-05,50,2,12,1,2.930000,50,78,216,0,187,146804,666.077
ablation,DB6_CL_US.txt,10305,tk-no-pdub,9.7040271712760790e-05,50,2,12,2,2.963800,50,78,216,0,187,146804,668.077
ablation,DB6_CL_US.txt,10305,tk-no-pdub,9.7040271712760790e-05,50,2,12,3,3.090100,50,78,216,0,187,146804,670.077
ablation,DB6_CL_US.txt,10305,tk-no-pdub,9.7040271712760790e-05,50,2,12,4,3.388800,50,78,216,0,187,146804,672.077
ablation,DB6_CL_US.txt,10305,tk-no-pdub,9.7040271712760790e-05,50,2,12,5,3.107900,50,78,216,0,187,146804,674.077
ablation,DB6_CL_US.txt,10305,tk-no-pdub,9.7040271712760790e-05,50,2,12,6,3.181100,50,78,216,0,187,146804,676.077
ablation,DB6_CL_US.txt,10305,tk-no-pdub,9.7040271712760790e-05,50,2,12,7,3.693000,50,78,216,0,187,146804,678.077
ablation,DB6_CL_US.txt,10305,tk-no-pdub,9.7040271712760790e-05,50,2,12,8,3.323500,50,78,216,0,187,146804,680.077
ablation,DB6_CL_US.txt,10305,tk-no-pdub,9.7040271712760790e-05,50,2,12,9,3.077400,50,78,216,0,187,146804,682.077
ablation,DB6_CL_US.txt,10305,tk-naive,9.7040271712760790e-05,50,2,12,0,2.930100,50,78,216,68,105,135185,694.077
ablation,DB6_CL_US.txt,10305,tk-naive,9.7040271712760790e-05,50,2,12,1,2.901400,50,78,216,68,105,135185,696.077
ablation,DB6_CL_US.txt,10305,tk-naive,9.7040271712760790e-05,50,2,12,2,3.072100,50,78,216,68,105,135185,698.077
ablation,DB6_CL_US.txt,10305,tk-naive,9.7040271712760790e-05,50,2,12,3,3.190600,50,78,216,68,105,135185,700.077
ablation,DB6_CL_US.txt,10305,tk-naive,9.7040271712760790e-05,50,2,12,4,3.194700,50,78,216,68,105,135185,702.077
ablation,DB6_CL_US.txt,10305,tk-naive,9.7040271712760790e-05,50,2,12,5,2.838700,50,78,216,68,105,135185,704.077
ablation,DB6_CL_US.txt,10305,tk-naive,9.7040271712760790e-05,50,2,12,6,2.786600,50,78,216,68,105,135185,706.077
ablation,DB6_CL_US.txt,10305,tk-naive,9.7040271712760790e-05,50,2,12,7,2.828000,50,78,216,68,105,135185,708.077
ablation,DB6_CL_US.txt,10305,tk-naive,9.7040271712760790e-05,50,2,12,8,2.873900,50,78,216,68,105,135185,710.077
ablation,DB6_CL_US.txt,10305,tk-naive,9.7040271712760790e-05,50,2,12,9,2.970500,50,78,216,68,105,135185,712.077
ablation,DB6_CL_US.txt,10305,tk,9.7040271712760790e-05,50,2,12,0,2.695200,50,78,216,68,105,135185,724.077
ablation,DB6_CL_US.txt,10305,tk,9.7040271712760790e-05,50,2,12,1,3.067400,50,78,216,68,105,135185,726.077
ablation,DB6_CL_US.txt,10305,tk,9.7040271712760790e-05,50,2,12,2,2.683600,50,78,216,68,105,135185,728.077
ablation,DB6_CL_US.txt,10305,tk,9.7040271712760790e-05,50,2,12,3,2.793000,50,78,216,68,105,135185,730.077
ablation,DB6_CL_US.txt,10305,tk,9.7040271712760790e-05,50,2,12,4,2.796800,50,78,216,68,105,135185,732.077
ablation,DB6_CL_US.txt,10305,tk,9.7040271712760790e-05,50,2,12,5,2.587500,50,78,216,68,105,135185,734.077
ablation,DB6_CL_US.txt,10305,tk,9.7040271712760790e-05,50,2,12,6,2.779100,50,78,216,68,105,135185,734.077
ablation,DB6_CL_US.txt,10305,tk,9.7040271712760790e-05,50,2,12,7,2.716300,50,78,216,68,105,135185,736.077
ablation,DB6_CL_US.txt,10305,tk,9.7040271712760790e-05,50,2,12,8,2.594300,50,78,216,68,105,135185,738.077
ablation,DB6_CL_US.txt,10305,tk,9.7040271712760790e-05,50,2,12,9,2.582200,50,78,216,68,105,135185,740.077
ablation,DB7_HPQ_US.txt,12075,tk-no-pdub,8.2815734989648030e-05,50,2,12,0,3.809000,50,77,214,0,188,175087,762.077
ablation,DB7_HPQ_US.txt,12075,tk-no-pdub,8.2815734989648030e-05,50,2,12,1,4.976000,50,77,214,0,188,175087,766.077
ablation,DB7_HPQ_US.txt,12075,tk-no-pdub,8.2815734989648030e-05,50,2,12,2,4.177900,50,77,214,0,188,175087,768.077
ablation,DB7_HPQ_US.txt,12075,tk-no-pdub,8.2815734989648030e-05,50,2,12,3,3.390800,50,77,214,0,188,175087,770.077
ablation,DB7_HPQ_US.txt,12075,tk-no-pdub,8.2815734989648030e-05,50,2,12,4,3.398100,50,77,214,0,188,175087,772.077
ablation,DB7_HPQ_US.txt,12075,tk-no-pdub,8.2815734989648030e-05,50,2,12,5,3.279300,50,77,214,0,188,175087,774.077
ablation,DB7_HPQ_US.txt,12075,tk-no-pdub,8.2815734989648030e-05,50,2,12,6,3.281900,50,77,214,0,188,175087,776.077
ablation,DB7_HPQ_US.txt,12075,tk-no-pdub,8.2815734989648030e-05,50,2,12,7,3.329800,50,77,214,0,188,175087,780.077
ablation,DB7_HPQ_US.txt,12075,tk-no-pdub,8.2815734989648030e-05,50,2,12,8,3.421600,50,77,214,0,188,175087,782.077
ablation,DB7_HPQ_US.txt,12075,tk-no-pdub,8.2815734989648030e-05,50,2,12,9,3.365300,50,77,214,0,188,175087,784.077
ablation,DB7_HPQ_US.txt,12075,tk-naive,8.2815734989648030e-05,50,2,12,0,3.213000,50,77,214,61,112,162972,798.077
ablation,DB7_HPQ_US.txt,12075,tk-naive,8.2815734989648030e-05,50,2,12,1,3.254000,50,77,214,61,112,162972,800.077
ablation,DB7_HPQ_US.txt,12075,tk-naive,8.2815734989648030e-05,50,2,12,2,3.341900,50,77,214,61,112,162972,802.077
ablation,DB7_HPQ_US.txt,12075,tk-naive,8.2815734989648030e-05,50,2,12,3,3.286500,50,77,214,61,112,162972,804.077
ablation,DB7_HPQ_US.txt,12075,tk-naive,8.2815734989648030e-05,50,2,12,4,3.321200,50,77,214,61,112,162972,806.077
ablation,DB7_HPQ_US.txt,12075,tk-naive,8.2815734989648030e-05,50,2,12,5,3.477200,50,77,214,61,112,162972,808.077
ablation,DB7_HPQ_US.txt,12075,tk-naive,8.2815734989648030e-05,50,2,12,6,3.420900,50,77,214,61,112,162972,810.077
ablation,DB7_HPQ_US.txt,12075,tk-naive,8.2815734989648030e-05,50,2,12,7,3.440600,50,77,214,61,112,162972,812.077
ablation,DB7_HPQ_US.txt,12075,tk-naive,8.2815734989648030e-05,50,2,12,8,3.377300,50,77,214,61,112,162972,816.077
ablation,DB7_HPQ_US.txt,12075,tk-naive,8.2815734989648030e-05,50,2,12,9,3.575400,50,77,214,61,112,162972,818.077
ablation,DB7_HPQ_US.txt,12075,tk,8.2815734989648030e-05,50,2,12,0,3.040600,50,77,214,61,112,162972,830.077
ablation,DB7_HPQ_US.txt,12075,tk,8.2815734989648030e-05,50,2,12,1,3.197200,50,77,214,61,112,162972,832.120
ablation,DB7_HPQ_US.txt,12075,tk,8.2815734989648030e-05,50,2,12,2,4.591400,50,77,214,61,112,162972,834.077
ablation,DB7_HPQ_US.txt,12075,tk,8.2815734989648030e-05,50,2,12,3,3.192500,50,77,214,61,112,162972,836.169
ablation,DB7_HPQ_US.txt,12075,tk,8.2815734989648030e-05,50,2,12,4,3.052300,50,77,214,61,112,162972,840.077
ablation,DB7_HPQ_US.txt,12075,tk,8.2815734989648030e-05,50,2,12,5,3.565400,50,77,214,61,112,162972,842.077
ablation,DB7_HPQ_US.txt,12075,tk,8.2815734989648030e-05,50,2,12,6,3.035500,50,77,214,61,112,162972,844.077
ablation,DB7_HPQ_US.txt,12075,tk,8.2815734989648030e-05,50,2,12,7,3.133000,50,77,214,61,112,162972,846.077
ablation,DB7_HPQ_US.txt,12075,tk,8.2815734989648030e-05,50,2,12,8,3.362500,50,77,214,61,112,162972,848.077
ablation,DB7_HPQ_US.txt,12075,tk,8.2815734989648030e-05,50,2,12,9,3.057200,50,77,214,61,112,162972,850.077
ablation,DB8_GE_US.txt,14058,tk-no-pdub,7.1133873950775350e-05,50,2,12,0,3.256300,50,83,231,0,201,170180,872.077
ablation,DB8_GE_US.txt,14058,tk-no-pdub,7.1133873950775350e-05,50,2,12,1,3.357900,50,83,231,0,201,170180,874.077
ablation,DB8_GE_US.txt,14058,tk-no-pdub,7.1133873950775350e-05,50,2,12,2,3.284100,50,83,231,0,201,170180,876.077
ablation,DB8_GE_US.txt,14058,tk-no-pdub,7.1133873950775350e-05,50,2,12,3,3.669500,50,83,231,0,201,170180,878.077
ablation,DB8_GE_US.txt,14058,tk-no-pdub,7.1133873950775350e-05,50,2,12,4,3.470300,50,83,231,0,201,170180,882.077
ablation,DB8_GE_US.txt,14058,tk-no-pdub,7.1133873950775350e-05,50,2,12,5,3.186900,50,83,231,0,201,170180,884.077
ablation,DB8_GE_US.txt,14058,tk-no-pdub,7.1133873950775350e-05,50,2,12,6,3.177900,50,83,231,0,201,170180,886.077
ablation,DB8_GE_US.txt,14058,tk-no-pdub,7.1133873950775350e-05,50,2,12,7,3.247600,50,83,231,0,201,170180,888.077
ablation,DB8_GE_US.txt,14058,tk-no-pdub,7.1133873950775350e-05,50,2,12,8,3.286600,50,83,231,0,201,170180,890.077
ablation,DB8_GE_US.txt,14058,tk-no-pdub,7.1133873950775350e-05,50,2,12,9,3.279700,50,83,231,0,201,170180,892.077
ablation,DB8_GE_US.txt,14058,tk-naive,7.1133873950775350e-05,50,2,12,0,3.723900,50,83,231,77,107,156966,906.077
ablation,DB8_GE_US.txt,14058,tk-naive,7.1133873950775350e-05,50,2,12,1,3.841100,50,83,231,77,107,156966,908.077
ablation,DB8_GE_US.txt,14058,tk-naive,7.1133873950775350e-05,50,2,12,2,3.909900,50,83,231,77,107,156966,910.077
ablation,DB8_GE_US.txt,14058,tk-naive,7.1133873950775350e-05,50,2,12,3,3.111000,50,83,231,77,107,156966,912.077
ablation,DB8_GE_US.txt,14058,tk-naive,7.1133873950775350e-05,50,2,12,4,3.134000,50,83,231,77,107,156966,914.077
ablation,DB8_GE_US.txt,14058,tk-naive,7.1133873950775350e-05,50,2,12,5,3.166600,50,83,231,77,107,156966,916.077
ablation,DB8_GE_US.txt,14058,tk-naive,7.1133873950775350e-05,50,2,12,6,3.178600,50,83,231,77,107,156966,918.077
ablation,DB8_GE_US.txt,14058,tk-naive,7.1133873950775350e-05,50,2,12,7,3.726700,50,83,231,77,107,156966,920.077
ablation,DB8_GE_US.txt,14058,tk-naive,7.1133873950775350e-05,50,2,12,8,3.221900,50,83,231,77,107,156966,922.077
ablation,DB8_GE_US.txt,14058,tk-naive,7.1133873950775350e-05,50,2,12,9,3.361000,50,83,231,77,107,156966,924.077
ablation,DB8_GE_US.txt,14058,tk,7.1133873950775350e-05,50,2,12,0,3.179500,50,83,231,77,107,156966,938.077
ablation,DB8_GE_US.txt,14058,tk,7.1133873950775350e-05,50,2,12,1,3.799300,50,83,231,77,107,156966,940.077
ablation,DB8_GE_US.txt,14058,tk,7.1133873950775350e-05,50,2,12,2,3.025500,50,83,231,77,107,156966,942.077
ablation,DB8_GE_US.txt,14058,tk,7.1133873950775350e-05,50,2,12,3,2.983100,50,83,231,77,107,156966,944.077
ablation,DB8_GE_US.txt,14058,tk,7.1133873950775350e-05,50,2,12,4,3.065000,50,83,231,77,107,156966,946.077
ablation,DB8_GE_US.txt,14058,tk,7.1133873950775350e-05,50,2,12,5,3.088400,50,83,231,77,107,156966,948.077
ablation,DB8_GE_US.txt,14058,tk,7.1133873950775350e-05,50,2,12,6,3.239700,50,83,231,77,107,156966,950.077
ablation,DB8_GE_US.txt,14058,tk,7.1133873950775350e-05,50,2,12,7,3.097200,50,83,231,77,107,156966,952.077
ablation,DB8_GE_US.txt,14058,tk,7.1133873950775350e-05,50,2,12,8,3.025200,50,83,231,77,107,156966,954.077
ablation,DB8_GE_US.txt,14058,tk,7.1133873950775350e-05,50,2,12,9,3.022900,50,83,231,77,107,156966,956.077
ablation,SILSO_sunspots.txt,72967,tk-no-pdub,1.3704825469047652e-05,50,2,12,0,17.011400,50,83,224,0,193,954222,1068.077
ablation,SILSO_sunspots.txt,72967,tk-no-pdub,1.3704825469047652e-05,50,2,12,1,17.421100,50,83,224,0,193,954222,1080.077
ablation,SILSO_sunspots.txt,72967,tk-no-pdub,1.3704825469047652e-05,50,2,12,2,16.956800,50,83,224,0,193,954222,1092.077
ablation,SILSO_sunspots.txt,72967,tk-no-pdub,1.3704825469047652e-05,50,2,12,3,18.401700,50,83,224,0,193,954222,1104.077
ablation,SILSO_sunspots.txt,72967,tk-no-pdub,1.3704825469047652e-05,50,2,12,4,17.250500,50,83,224,0,193,954222,1116.077
ablation,SILSO_sunspots.txt,72967,tk-no-pdub,1.3704825469047652e-05,50,2,12,5,16.708200,50,83,224,0,193,954222,1126.077
ablation,SILSO_sunspots.txt,72967,tk-no-pdub,1.3704825469047652e-05,50,2,12,6,17.939200,50,83,224,0,193,954222,1138.077
ablation,SILSO_sunspots.txt,72967,tk-no-pdub,1.3704825469047652e-05,50,2,12,7,17.086600,50,83,224,0,193,954222,1150.077
ablation,SILSO_sunspots.txt,72967,tk-no-pdub,1.3704825469047652e-05,50,2,12,8,17.806900,50,83,224,0,193,954222,1162.077
ablation,SILSO_sunspots.txt,72967,tk-no-pdub,1.3704825469047652e-05,50,2,12,9,17.604900,50,83,224,0,193,954222,1172.077
ablation,SILSO_sunspots.txt,72967,tk-naive,1.3704825469047652e-05,50,2,12,0,14.432100,50,83,224,68,109,878796,18.396
ablation,SILSO_sunspots.txt,72967,tk-naive,1.3704825469047652e-05,50,2,12,1,15.041400,50,83,224,68,109,878796,30.396
ablation,SILSO_sunspots.txt,72967,tk-naive,1.3704825469047652e-05,50,2,12,2,15.183500,50,83,224,68,109,878796,40.396
ablation,SILSO_sunspots.txt,72967,tk-naive,1.3704825469047652e-05,50,2,12,3,15.131000,50,83,224,68,109,878796,52.396
ablation,SILSO_sunspots.txt,72967,tk-naive,1.3704825469047652e-05,50,2,12,4,14.603100,50,83,224,68,109,878796,64.396
ablation,SILSO_sunspots.txt,72967,tk-naive,1.3704825469047652e-05,50,2,12,5,15.029000,50,83,224,68,109,878796,74.396
ablation,SILSO_sunspots.txt,72967,tk-naive,1.3704825469047652e-05,50,2,12,6,15.053200,50,83,224,68,109,878796,86.396
ablation,SILSO_sunspots.txt,72967,tk-naive,1.3704825469047652e-05,50,2,12,7,14.647800,50,83,224,68,109,878796,96.396
ablation,SILSO_sunspots.txt,72967,tk-naive,1.3704825469047652e-05,50,2,12,8,14.801100,50,83,224,68,109,878796,108.396
ablation,SILSO_sunspots.txt,72967,tk-naive,1.3704825469047652e-05,50,2,12,9,16.703200,50,83,224,68,109,878796,120.396
ablation,SILSO_sunspots.txt,72967,tk,1.3704825469047652e-05,50,2,12,0,14.277700,50,83,224,68,109,878796,186.396
ablation,SILSO_sunspots.txt,72967,tk,1.3704825469047652e-05,50,2,12,1,13.818800,50,83,224,68,109,878796,198.396
ablation,SILSO_sunspots.txt,72967,tk,1.3704825469047652e-05,50,2,12,2,13.958700,50,83,224,68,109,878796,208.396
ablation,SILSO_sunspots.txt,72967,tk,1.3704825469047652e-05,50,2,12,3,14.480500,50,83,224,68,109,878796,220.396
ablation,SILSO_sunspots.txt,72967,tk,1.3704825469047652e-05,50,2,12,4,14.255100,50,83,224,68,109,878796,230.396
ablation,SILSO_sunspots.txt,72967,tk,1.3704825469047652e-05,50,2,12,5,13.729800,50,83,224,68,109,878796,242.396
ablation,SILSO_sunspots.txt,72967,tk,1.3704825469047652e-05,50,2,12,6,14.219900,50,83,224,68,109,878796,254.396
ablation,SILSO_sunspots.txt,72967,tk,1.3704825469047652e-05,50,2,12,7,15.018700,50,83,224,68,109,878796,264.396
ablation,SILSO_sunspots.txt,72967,tk,1.3704825469047652e-05,50,2,12,8,13.817800,50,83,224,68,109,878796,276.396
ablation,SILSO_sunspots.txt,72967,tk,1.3704825469047652e-05,50,2,12,9,13.765100,50,83,224,68,109,878796,286.396
ablation,NASDAQCOM.txt,14014,tk-no-pdub,7.1357214214357070e-05,50,2,12,0,4.276200,50,81,215,0,184,265292,320.396
ablation,NASDAQCOM.txt,14014,tk-no-pdub,7.1357214214357070e-05,50,2,12,1,4.799200,50,81,215,0,184,265292,324.396
ablation,NASDAQCOM.txt,14014,tk-no-pdub,7.1357214214357070e-05,50,2,12,2,4.568300,50,81,215,0,184,265292,326.396
ablation,NASDAQCOM.txt,14014,tk-no-pdub,7.1357214214357070e-05,50,2,12,3,4.283900,50,81,215,0,184,265292,330.396
ablation,NASDAQCOM.txt,14014,tk-no-pdub,7.1357214214357070e-05,50,2,12,4,4.400900,50,81,215,0,184,265292,334.396
ablation,NASDAQCOM.txt,14014,tk-no-pdub,7.1357214214357070e-05,50,2,12,5,4.260300,50,81,215,0,184,265292,338.396
ablation,NASDAQCOM.txt,14014,tk-no-pdub,7.1357214214357070e-05,50,2,12,6,4.187500,50,81,215,0,184,265292,340.396
ablation,NASDAQCOM.txt,14014,tk-no-pdub,7.1357214214357070e-05,50,2,12,7,4.357600,50,81,215,0,184,265292,344.396
ablation,NASDAQCOM.txt,14014,tk-no-pdub,7.1357214214357070e-05,50,2,12,8,4.209700,50,81,215,0,184,265292,348.396
ablation,NASDAQCOM.txt,14014,tk-no-pdub,7.1357214214357070e-05,50,2,12,9,4.692100,50,81,215,0,184,265292,352.396
ablation,NASDAQCOM.txt,14014,tk-naive,7.1357214214357070e-05,50,2,12,0,4.527200,50,81,215,63,106,239551,372.396
ablation,NASDAQCOM.txt,14014,tk-naive,7.1357214214357070e-05,50,2,12,1,4.601200,50,81,215,63,106,239551,376.396
ablation,NASDAQCOM.txt,14014,tk-naive,7.1357214214357070e-05,50,2,12,2,4.716900,50,81,215,63,106,239551,378.396
ablation,NASDAQCOM.txt,14014,tk-naive,7.1357214214357070e-05,50,2,12,3,4.193900,50,81,215,63,106,239551,382.396
ablation,NASDAQCOM.txt,14014,tk-naive,7.1357214214357070e-05,50,2,12,4,4.146100,50,81,215,63,106,239551,386.396
ablation,NASDAQCOM.txt,14014,tk-naive,7.1357214214357070e-05,50,2,12,5,4.434900,50,81,215,63,106,239551,388.396
ablation,NASDAQCOM.txt,14014,tk-naive,7.1357214214357070e-05,50,2,12,6,4.323800,50,81,215,63,106,239551,392.396
ablation,NASDAQCOM.txt,14014,tk-naive,7.1357214214357070e-05,50,2,12,7,4.188400,50,81,215,63,106,239551,396.396
ablation,NASDAQCOM.txt,14014,tk-naive,7.1357214214357070e-05,50,2,12,8,4.149400,50,81,215,63,106,239551,398.396
ablation,NASDAQCOM.txt,14014,tk-naive,7.1357214214357070e-05,50,2,12,9,4.228500,50,81,215,63,106,239551,402.396
ablation,NASDAQCOM.txt,14014,tk,7.1357214214357070e-05,50,2,12,0,3.773800,50,81,215,63,106,239551,422.396
ablation,NASDAQCOM.txt,14014,tk,7.1357214214357070e-05,50,2,12,1,4.124900,50,81,215,63,106,239551,426.396
ablation,NASDAQCOM.txt,14014,tk,7.1357214214357070e-05,50,2,12,2,4.221200,50,81,215,63,106,239551,428.396
ablation,NASDAQCOM.txt,14014,tk,7.1357214214357070e-05,50,2,12,3,3.901700,50,81,215,63,106,239551,432.396
ablation,NASDAQCOM.txt,14014,tk,7.1357214214357070e-05,50,2,12,4,3.762700,50,81,215,63,106,239551,436.396
ablation,NASDAQCOM.txt,14014,tk,7.1357214214357070e-05,50,2,12,5,3.736000,50,81,215,63,106,239551,438.396
ablation,NASDAQCOM.txt,14014,tk,7.1357214214357070e-05,50,2,12,6,3.857200,50,81,215,63,106,239551,442.396
ablation,NASDAQCOM.txt,14014,tk,7.1357214214357070e-05,50,2,12,7,3.890000,50,81,215,63,106,239551,446.396
ablation,NASDAQCOM.txt,14014,tk,7.1357214214357070e-05,50,2,12,8,3.760100,50,81,215,63,106,239551,448.396
ablation,NASDAQCOM.txt,14014,tk,7.1357214214357070e-05,50,2,12,9,3.818300,50,81,215,63,106,239551,452.396
ablation,FRED_SP500.txt,2514,tk-no-pdub,0.00039777247414478920,50,2,12,0,1.578100,50,83,229,0,194,46551,460.396
ablation,FRED_SP500.txt,2514,tk-no-pdub,0.00039777247414478920,50,2,12,1,1.919800,50,83,229,0,194,46551,460.396
ablation,FRED_SP500.txt,2514,tk-no-pdub,0.00039777247414478920,50,2,12,2,1.277800,50,83,229,0,194,46551,460.396
ablation,FRED_SP500.txt,2514,tk-no-pdub,0.00039777247414478920,50,2,12,3,1.791600,50,83,229,0,194,46551,462.396
ablation,FRED_SP500.txt,2514,tk-no-pdub,0.00039777247414478920,50,2,12,4,1.465300,50,83,229,0,194,46551,462.396
ablation,FRED_SP500.txt,2514,tk-no-pdub,0.00039777247414478920,50,2,12,5,2.063100,50,83,229,0,194,46551,464.396
ablation,FRED_SP500.txt,2514,tk-no-pdub,0.00039777247414478920,50,2,12,6,1.347700,50,83,229,0,194,46551,464.396
ablation,FRED_SP500.txt,2514,tk-no-pdub,0.00039777247414478920,50,2,12,7,1.428900,50,83,229,0,194,46551,464.396
ablation,FRED_SP500.txt,2514,tk-no-pdub,0.00039777247414478920,50,2,12,8,1.266400,50,83,229,0,194,46551,466.396
ablation,FRED_SP500.txt,2514,tk-no-pdub,0.00039777247414478920,50,2,12,9,1.231700,50,83,229,0,194,46551,466.396
ablation,FRED_SP500.txt,2514,tk-naive,0.00039777247414478920,50,2,12,0,1.728800,50,83,229,79,103,41748,472.396
ablation,FRED_SP500.txt,2514,tk-naive,0.00039777247414478920,50,2,12,1,1.354300,50,83,229,79,103,41748,472.396
ablation,FRED_SP500.txt,2514,tk-naive,0.00039777247414478920,50,2,12,2,1.215300,50,83,229,79,103,41748,472.396
ablation,FRED_SP500.txt,2514,tk-naive,0.00039777247414478920,50,2,12,3,1.178000,50,83,229,79,103,41748,474.396
ablation,FRED_SP500.txt,2514,tk-naive,0.00039777247414478920,50,2,12,4,1.176900,50,83,229,79,103,41748,474.396
ablation,FRED_SP500.txt,2514,tk-naive,0.00039777247414478920,50,2,12,5,1.213400,50,83,229,79,103,41748,474.396
ablation,FRED_SP500.txt,2514,tk-naive,0.00039777247414478920,50,2,12,6,1.383200,50,83,229,79,103,41748,476.396
ablation,FRED_SP500.txt,2514,tk-naive,0.00039777247414478920,50,2,12,7,1.442400,50,83,229,79,103,41748,476.396
ablation,FRED_SP500.txt,2514,tk-naive,0.00039777247414478920,50,2,12,8,1.209200,50,83,229,79,103,41748,478.396
ablation,FRED_SP500.txt,2514,tk-naive,0.00039777247414478920,50,2,12,9,1.180000,50,83,229,79,103,41748,478.396
ablation,FRED_SP500.txt,2514,tk,0.00039777247414478920,50,2,12,0,0.693200,50,83,229,79,103,41748,482.396
ablation,FRED_SP500.txt,2514,tk,0.00039777247414478920,50,2,12,1,0.653700,50,83,229,79,103,41748,482.396
ablation,FRED_SP500.txt,2514,tk,0.00039777247414478920,50,2,12,2,0.712700,50,83,229,79,103,41748,484.396
ablation,FRED_SP500.txt,2514,tk,0.00039777247414478920,50,2,12,3,0.725800,50,83,229,79,103,41748,484.396
ablation,FRED_SP500.txt,2514,tk,0.00039777247414478920,50,2,12,4,0.671400,50,83,229,79,103,41748,484.396
ablation,FRED_SP500.txt,2514,tk,0.00039777247414478920,50,2,12,5,0.704500,50,83,229,79,103,41748,486.396
ablation,FRED_SP500.txt,2514,tk,0.00039777247414478920,50,2,12,6,0.692100,50,83,229,79,103,41748,486.396
ablation,FRED_SP500.txt,2514,tk,0.00039777247414478920,50,2,12,7,0.693600,50,83,229,79,103,41748,488.396
ablation,FRED_SP500.txt,2514,tk,0.00039777247414478920,50,2,12,8,0.842300,50,83,229,79,103,41748,488.396
ablation,FRED_SP500.txt,2514,tk,0.00039777247414478920,50,2,12,9,0.802000,50,83,229,79,103,41748,488.396
